{
  "position": -2,
  "layer": 16,
  "target": "is_correct",
  "k_folds": 5,
  "max_iter": 500,
  "C": 1.0,
  "solver": "lbfgs",
  "cv_auc_mean": 0.8326540487977219,
  "cv_auc_std": 0.019605171643042638,
  "cv_logloss_mean": 0.592696923051783,
  "cv_logloss_std": 0.035258989879486884,
  "test_auc": 0.8008963585434173,
  "test_logloss": 0.6678414839508959,
  "n_trainval": 3000,
  "n_test": 500,
  "n_iter_used": 114
}